{"offline_id": "8c1e6ee900004c7da7905dec5a55838b", "project_name": "yolov5", "start_time": 1715322175771, "stop_time": 1715322183177, "tags": [], "workspace": null, "resume_strategy": "create", "customer_error_reported": true, "customer_error_message": "Unexpected error detected in the user script: RuntimeError(\"DataLoader worker (pid 19995) is killed by signal: Bus error. It is possible that dataloader's workers are out of shared memory. Please try to raise your shared memory limit.\")", "user_provided_experiment_key": false, "comet_start_sourced": false}