{"offline_id": "c5432f32cffe4b2b9c726d8976a61334", "project_name": "yolov5", "start_time": 1715323258470, "stop_time": 1715323306631, "tags": [], "workspace": null, "resume_strategy": "create", "customer_error_reported": true, "customer_error_message": "Unexpected error detected in the user script: RuntimeError(\"DataLoader worker (pid 26956) is killed by signal: Bus error. It is possible that dataloader's workers are out of shared memory. Please try to raise your shared memory limit.\")", "user_provided_experiment_key": false, "comet_start_sourced": false}